{"id": 0, "content": "终于开到心心念念的LAB loft。第一次来就随便点也一些～【香辣虾意面】蛮辣的，但其实一般般。【玛格丽特】进口的感觉蛮好的就是喝完后就点呛～但是朋友不是很喜欢【一柱擎天】看点评很多人说喜欢就点了，水蜜桃味，还不错挺好喝的～赞【海鲜饭】想吃饭但这店的饭类只有两种，就点了这个。一般般吧量有点少～性价比不高。【奶油酒】这两杯是送的，应该是圣诞搞活动吧买半打送半打，80块半打～这个真的很好喝～但我和朋友就两个人想分别尝尝其它东西就没有点了～这个真心推荐！", "location":{"traffic_convenience": 1, "distance_from_business_district": -2, "easy_to_find": -2}, "service":{"wait_time": -2, "waiters_attitude": -1, "parking_convenience": -2, "serving_speed": -2}, "price":{"level": 1, "cost_effective": 1, "discount": 1}, "environment":{"decoration": 1, "noise": -2, "space": -2, "cleaness": -1}, "dish":{"portion": -1, "taste": 1, "look": -2, "recommendation": -2}, "others":{"overall_experience": -1, "willing_to_consume_again": 1}}